,0,1,2,3,4,5,6,7,8,9,10,11,12,13,14,15,16,17,18,19,20,21,22,23,24,25
0,0.0,0.0,0.0,0.0,0.0,0.06525641025641025,0.2005128205128205,0.8196153846153846,1.8278205128205125,17.947179487179486,19.514102564102565,5.614358974358974,9.367435897435898,20.160384615384615,9.94846153846154,4.2024358974358975,2.6467948717948717,0.978076923076923,0.7162820512820512,1.4102564102564104,0.8865384615384615,0.21012820512820515,0.07846153846153847,0.007435897435897436,0.0001282051282051282,0.0
1,0.0,0.0,0.0025,0.0,0.00475,1.388,3.03825,10.062000000000001,18.981,8.10475,3.4975,26.36925,9.262,10.57825,4.854749999999999,1.3,0.37875000000000003,0.12400000000000003,0.1215,0.0525,0.014249999999999999,0.0,0.0,0.0,0.0,0.0
2,0.0027500000000000003,0.0,0.0,0.00125,0.0165,1.8375,4.9205,15.250250000000001,25.51775,6.13375,3.66125,23.150499999999997,8.254,8.910000000000002,3.82925,1.0137500000000002,0.33999999999999997,0.11624999999999999,0.0835,0.08324999999999999,0.08325,0.0165,0.00125,0.0,0.0,0.0
3,0.04675,0.01325,0.005,0.005,0.07175000000000001,4.23975,6.63325,7.805,5.76025,12.74475,11.450249999999999,4.980000000000001,2.7015000000000002,3.63,0.6132500000000001,0.23324999999999999,0.08349999999999999,0.01025,0.02175,0.004999999999999999,0.00325,0.0,0.0,0.0017499999999999998,0.01675,0.01325
4,0.19575,0.0475,0.025500000000000002,0.02075,0.40975000000000006,9.79525,8.30275,9.45,4.771,5.851500000000001,5.4315,3.798749999999999,1.7069999999999999,2.0817499999999995,0.78375,0.13249999999999998,0.019999999999999997,0.0,0.0015,0.003,0.0045000000000000005,0.0,0.0,0.00775,0.16825,0.2075
5,0.03387533875338753,0.012601626016260163,0.007452574525745257,0.007859078590785908,0.14932249322493224,3.3059620596205965,2.4883468834688345,2.5546070460704606,1.5985094850948511,5.760027100271003,9.191869918699187,0.6318428184281842,0.3659891598915989,0.7501355013550135,0.266260162601626,0.0883468834688347,0.08699186991869919,0.02642276422764227,0.0981029810298103,0.23794037940379403,0.29579945799457996,0.08739837398373984,0.03170731707317073,0.015718157181571813,0.008672086720867209,0.02262872628726287
6,1.6525396825396825,0.346984126984127,0.1880952380952381,0.10555555555555554,0.936031746031746,6.90936507936508,1.1758730158730157,1.0565079365079364,0.5955555555555556,1.0182539682539684,0.9668253968253968,0.30793650793650795,0.12412698412698413,0.1331746031746032,0.02365079365079365,0.0,0.0,0.0,0.00031746031746031746,0.0007936507936507937,0.006825396825396826,0.02761904761904762,0.1357142857142857,0.4774603174603175,1.674761904761905,2.201904761904762
7,0.0,0.0,0.0,0.0,0.00325119780971937,0.25838466803559207,0.26129363449691995,0.40092402464065713,0.6663244353182751,9.570670773442847,25.313141683778234,1.5990759753593426,2.313997262149213,4.956194387405886,5.2032854209445585,2.430527036276523,2.6380903490759753,1.5188227241615333,0.8482203969883643,1.9503764544832307,1.1841204654346338,0.5766598220396988,0.1817248459958932,0.027036276522929496,0.007871321013004792,0.0
8,0.0,0.0,0.0,0.0,0.0045000000000000005,0.2715,0.147,0.16649999999999998,0.33575,5.3265,14.170249999999998,0.5652499999999999,0.9147500000000001,2.90175,4.8709999999999996,2.03,2.08925,1.3107499999999999,0.9959999999999999,2.30675,1.7094999999999998,1.0555,0.45849999999999996,0.08125,0.04025,0.0
9,0.00047619047619047614,0.0015873015873015873,0.00015873015873015873,0.0007936507936507937,0.03253968253968254,1.4201587301587302,0.6393650793650794,0.6877777777777778,0.8111111111111111,6.006666666666667,12.43984126984127,0.4298412698412698,0.4636507936507936,0.8349206349206347,0.9812698412698414,0.37555555555555553,0.3504761904761905,0.1534920634920635,0.25,0.5115873015873016,0.4977777777777777,0.40253968253968253,0.23968253968253966,0.03396825396825397,0.023809523809523808,0.0009523809523809523
10,0.014319642358200614,0.007683710533668621,0.0020955574182732607,0.0020955574182732607,0.08190136909751328,0.6159192511874825,0.10966750488963398,0.04732467169600447,0.04400670578373848,1.0432383347303715,1.9504400670578372,0.024797429449566914,0.01204945515507125,0.038069293098630906,0.017462978485610507,0.05500838222967309,0.07998044146409611,0.03370354847722827,0.12328862810841018,0.32044565521095275,0.4107292539815591,0.18720312936574462,0.16153255099189717,0.10268231349538977,0.1175258452081587,0.02968706342553786
11,0.10078125,0.028906249999999998,0.012630208333333334,0.0054687500000000005,0.020052083333333335,0.17643229166666666,0.015494791666666667,0.008984375,0.0032552083333333335,0.16093749999999996,0.18085937500000002,0.002604166666666667,0.0,0.001171875,0.001171875,0.02552083333333333,0.03815104166666666,0.022265624999999997,0.11028645833333334,0.2470052083333333,0.5990885416666667,0.4308593750000001,0.5656249999999999,0.5942708333333333,0.6714843749999999,0.28281249999999997
12,0.0,0.0,0.0,0.0,0.0,0.0,0.0,0.0,0.0,0.02071447976093453,0.12700353164900843,0.02343113284433578,0.10034637326813366,1.7235465906003804,26.78518065743004,24.76976365118174,24.01215702254822,17.507470795979355,9.942950285248573,17.49269899483836,9.851433034501495,3.4939554468894323,1.209759576202119,0.20731458842705783,0.025638413474599293,0.004584352078239609
13,1.06475,0.0535,0.007750000000000002,0.0,0.002,0.0035000000000000005,0.0,0.0,0.0,0.00075,0.0535,0.0,0.002,0.07050000000000001,0.972,3.0247499999999996,5.42425,5.726,4.176500000000001,11.652750000000001,22.702249999999996,47.36825,42.937,25.57425,14.841750000000001,7.88275
14,1.1247500000000001,0.0605,0.007000000000000001,0.0,0.0,0.0005,0.0,0.0,0.0,0.0005,0.10024999999999999,0.002,0.03725,0.107,0.9004999999999999,2.003,2.978,2.91125,2.15475,6.09675,10.247,14.38625,23.137,20.779,13.35425,7.1185
15,0.0925,0.00675,0.0045000000000000005,0.0015,0.00425,0.006500000000000001,0.0005,0.0,0.0005,0.016,0.0205,0.0,0.0,0.0,0.01125,0.049,0.06475,0.05499999999999999,0.11199999999999999,0.19175,0.621,0.954,1.6382500000000002,1.6167500000000001,1.5497500000000002,0.7164999999999999
16,3.6754999999999995,0.26249999999999996,0.06874999999999999,0.0030000000000000005,0.005000000000000001,0.077,0.002,0.001,0.0,0.0,0.03875,0.0,0.0027500000000000003,0.03925,0.36274999999999996,1.09725,1.8957500000000003,1.92325,1.36475,5.6165,11.55725,23.51175,51.73475,38.355999999999995,21.632,14.09
17,12.26475,0.8604999999999999,0.2185,0.013999999999999999,0.033,0.8915,0.029,0.022,0.0025,0.001,0.017249999999999998,0.0,0.0,0.01125,0.06275,0.14125,0.293,0.25525000000000003,0.3045,1.783,4.5415,7.13825,17.272499999999997,51.12625,40.5615,29.397000000000002
18,13.108749999999999,0.85125,0.23575000000000002,0.02475,0.055499999999999994,0.9112500000000001,0.03375,0.029,0.00225,0.00675,0.00625,0.0,0.0,0.00525,0.04175,0.08900000000000001,0.12725,0.101,0.15225,1.04175,2.765,4.7677499999999995,11.068249999999999,41.8055,53.986749999999994,29.236250000000002
